source,target,relation,layer,confidence
eniac,edvac,successor,original_1961,read
edvac,seac,derived,original_1961,read
seac,dyseac,successor,original_1961,approx
seac,flac,derived,original_1961,approx
seac,crc_102a,derived,original_1961,approx
crc_102a,crc_107,successor,original_1961,approx
crc_107,national_102d,successor,original_1961,approx
national_102d,national_107,successor,original_1961,approx
national_107,national_303,successor,original_1961,approx
national_303,national_304,successor,original_1961,approx
national_304,national_310,successor,original_1961,approx
national_310,national_510,successor,original_1961,approx
national_304,national_315,successor,original_1961,approx
seac,elecom_100,derived,original_1961,approx
elecom_100,elecom_120,successor,original_1961,approx
elecom_120,elecom_120a,successor,original_1961,approx
elecom_120a,elecom_125,successor,original_1961,approx
elecom_125,elecom_125_fp,successor,original_1961,approx
elecom_125,underwood_mercator_5000,successor,original_1961,approx
edvac,univac_i,derived,original_1961,approx
univac_i,univac_file_i,successor,original_1961,approx
univac_file_i,univac_file_ii,successor,original_1961,approx
univac_i,univac_ii,successor,original_1961,read
univac_ii,univac_iii,successor,original_1961,read
flac,miniac_i,derived,original_1961,approx
miniac_i,miniac_ii,successor,original_1961,approx
flac,alwac_ii,derived,original_1961,approx
alwac_ii,alwac_iii,successor,original_1961,approx
alwac_iii,alwac_iii_e,successor,original_1961,approx
flac,monrobot_iii,derived,original_1961,approx
monrobot_iii,monrobot_v,successor,original_1961,approx
monrobot_v,monrobot_vi,successor,original_1961,approx
monrobot_vi,monrobot_ix,successor,original_1961,approx
monrobot_ix,monrobot_xi,successor,original_1961,approx
monrobot_ix,distributape,derived,original_1961,approx
flac,bendix_g15,derived,original_1961,approx
bendix_g15,bendix_d12,successor,original_1961,approx
bendix_g15,bendix_g20,successor,original_1961,approx
flac,mellon,derived,original_1961,approx
mellon,circle,derived,original_1961,approx
circle,modac_404,derived,original_1961,approx
modac_404,modac_410,successor,original_1961,approx
modac_410,modac_414,successor,original_1961,approx
modac_414,modac_5014,successor,original_1961,approx
circle,hughes_digitair,derived,original_1961,approx
hughes_digitair,hughes_d_pat,successor,original_1961,approx
circle,pennstac,derived,original_1961,approx
circle,ordfiac,derived,original_1961,approx
pennstac,mistic,derived,original_1961,approx
pennstac,readix,derived,original_1961,approx
mistic,datamatic_1000,derived,original_1961,approx
readix,hampshire_ccc_500,derived,original_1961,approx
hampshire_ccc_500,hampshire_trtds,successor,original_1961,approx
readix,ccc_real_time,derived,original_1961,approx
readix,spec,derived,original_1961,approx
readix,packbell_250,derived,original_1961,approx
readix,rpc_9000,derived,original_1961,approx
readix,rastac,derived,original_1961,approx
rastac,ge_60,derived,original_1961,approx
rastac,geotec_auto,derived,original_1961,approx
rastac,scribe,derived,original_1961,approx
rastac,vote,derived,original_1961,approx
rastac,norc,derived,original_1961,approx
rastac,ln_3000,derived,original_1961,approx
rastac,perk_i,derived,original_1961,approx
perk_i,perk_ii,successor,original_1961,approx
rastac,lfe_rd_900,derived,original_1961,approx
rastac,intelex_airline_res,derived,original_1961,approx
rastac,data_flo_rp_70,derived,original_1961,approx
rastac,dig_conv,derived,original_1961,approx
rastac,numericor,derived,original_1961,approx
readix,ge_erma,derived,original_1961,approx
ge_erma,ge_210,successor,original_1961,read
ge_210,ge_225,successor,original_1961,read
ge_225,ge_250,successor,original_1961,approx
ge_225,ge_312,derived,original_1961,approx
ge_312,ge_412,successor,original_1961,approx
flac,udec_i,derived,original_1961,approx
udec_i,udec_ii,successor,original_1961,approx
udec_ii,udec_iii,successor,original_1961,approx
udec_ii,bur_e101,successor,original_1961,approx
bur_e101,bur_e103,successor,original_1961,approx
udec_ii,bur_205,successor,original_1961,approx
bur_205,bur_220,successor,original_1961,read
bur_220,b_250,successor,original_1961,read
b_250,b_260,successor,original_1961,read
b_260,b_270,successor,original_1961,read
b_270,b_280,successor,original_1961,read
bur_220,bur_d825,derived,original_1961,approx
flac,tim_i,derived,original_1961,approx
tim_i,tim_ii,successor,original_1961,approx
flac,magnefile_b,derived,original_1961,approx
magnefile_b,magnefile_d,successor,original_1961,approx
flac,lgp_30,derived,original_1961,approx
lgp_30,rpc_4000,successor,original_1961,approx
lgp_30,libra_asn_24,derived,original_1961,approx
lgp_30,libra_airtraf,derived,original_1961,approx
lgp_30,libra_407,derived,original_1961,approx
libra_407,libra_1000,successor,original_1961,approx
univac_1101,logistics,derived,original_1961,approx
logistics,bogart,derived,original_1961,approx
logistics,an_fsq_7,derived,original_1961,approx
an_fsq_7,an_fsq_32,successor,original_1961,approx
logistics,target_intercept,derived,original_1961,approx
logistics,athena,derived,original_1961,approx
athena,univac_mot,successor,original_1961,approx
logistics,an_asq_28,derived,original_1961,approx
an_asq_28,stor_prog_dda,successor,original_1961,approx
an_asq_28,asc_15,derived,original_1961,approx
logistics,an_tyk_7v_informer,derived,original_1961,approx
an_tyk_7v_informer,an_uyk,successor,original_1961,approx
logistics,mobidic_a,derived,original_1961,approx
mobidic_a,mobidic_b,successor,original_1961,approx
mobidic_b,mobidic_c,successor,original_1961,approx
mobidic_c,mobidic_d,successor,original_1961,approx
mobidic_d,mobidic_7a,successor,original_1961,approx
mobidic_a,sylvania_s9400,derived,original_1961,approx
sylvania_s9400,sylvania_m64,successor,original_1961,approx
logistics,cubic_traffic,derived,original_1961,approx
cubic_traffic,cubic_tracker,successor,original_1961,approx
logistics,westinghouse_airborne,derived,original_1961,approx
logistics,universal_data_transcriber,derived,original_1961,approx
logistics,hughes_b_guid,derived,original_1961,approx
logistics,verdan,derived,original_1961,approx
verdan,jukebox,derived,original_1961,approx
logistics,redstone,derived,original_1961,approx
verdan,recomp_i,derived,original_1961,approx
recomp_i,recomp_ii,successor,original_1961,approx
recomp_ii,recomp_iii,successor,original_1961,approx
eniac,ias,derived,original_1961,read
ias,ordvac,derived,original_1961,read
ordvac,illiac_i,successor,original_1961,read
illiac_i,cyclone,derived,original_1961,approx
ordvac,brlesc,successor,original_1961,approx
ias,maniac_i,derived,original_1961,read
maniac_i,maniac_ii,successor,original_1961,approx
ias,johnniac,derived,original_1961,read
ias,oracle,derived,original_1961,read
ias,raydac,derived,original_1961,approx
ias,diana,derived,original_1961,approx
eniac,whirlwind_i,derived,original_1961,approx
whirlwind_i,memory_test,successor,original_1961,read
memory_test,lincoln_tx_0,successor,original_1961,read
lincoln_tx_0,lincoln_tx_2,successor,original_1961,read
lincoln_tx_2,lincoln_cg_24,derived,original_1961,approx
whirlwind_i,gen_mills_ag_ecs,derived,original_1961,approx
eniac,ibm_604,derived,original_1961,approx
ibm_604,ibm_608,successor,original_1961,read
ibm_604,ibm_610,derived,original_1961,approx
ibm_604,ibm_650,successor,original_1961,read
ibm_650,ibm_305_ramac,successor,original_1961,read
ibm_650,ibm_1401,successor,original_1961,approx
ibm_1401,ibm_1410,successor,original_1961,read
ias,ibm_701,derived,original_1961,read
ibm_701,ibm_704,successor,original_1961,read
ibm_704,ibm_709,successor,original_1961,read
ibm_709,ibm_7090,successor,original_1961,read
ibm_7090,ibm_7044,derived,original_1961,read
ibm_704,stretch,derived,original_1961,read
ibm_701,ibm_702,derived,original_1961,approx
ibm_702,ibm_705,successor,original_1961,read
ibm_705,ibm_705_iii,successor,original_1961,read
ibm_705_iii,ibm_7080,successor,original_1961,read
ibm_650,ibm_7070,successor,original_1961,approx
ibm_7070,ibm_7074,successor,original_1961,read
eniac,univac_1101,derived,original_1961,approx
univac_1101,univac_1102,successor,original_1961,approx
univac_1101,univac_1103,successor,original_1961,read
univac_1103,univac_1103a,successor,original_1961,read
univac_1103a,univac_1105,successor,original_1961,read
univac_1105,univac_1107,successor,original_1961,read
univac_1103a,univac_larc,derived,original_1961,approx
univac_1103,univac_solid_state_80,derived,original_1961,approx
univac_solid_state_80,univac_step,successor,original_1961,approx
univac_1105,univac_490,derived,original_1961,approx
univac_1105,univac_1206,derived,original_1961,approx
univac_1103,cdc_1604,derived,original_1961,approx
cdc_1604,cdc_160,derived,original_1961,approx
cdc_1604,cdc_6600,successor,original_1961,read
ias,rca_bizmac_i,derived,original_1961,approx
rca_bizmac_i,rca_bizmac_ii,successor,original_1961,approx
rca_bizmac_i,rca_501,successor,original_1961,read
rca_501,rca_301,successor,original_1961,read
rca_501,rca_601,successor,original_1961,read
rca_301,rca_110,derived,original_1961,approx
ias,tele_speeda,derived,original_1961,approx
tele_speeda,tele_inv_control,successor,original_1961,approx
tele_inv_control,tele_unair,successor,original_1961,approx
tele_unair,telefile,successor,original_1961,approx
ias,litton_20_40,derived,original_1961,approx
litton_20_40,litton_c7000,successor,original_1961,approx
litton_20_40,litton_data_assess,derived,original_1961,approx
alwac_iii_e,alwac_800,successor,original_1961,approx
datamatic_1000,honeywell_800,successor,original_1961,approx
honeywell_800,honeywell_400,derived,original_1961,approx
honeywell_800,honeywell_290,derived,original_1961,approx
whirlwind_i,philco_cxpq,derived,original_1961,approx
philco_cxpq,philco_1000,successor,original_1961,approx
philco_cxpq,philco_2000,successor,original_1961,read
philco_2000,philco_2400,derived,original_1961,approx
whirlwind_i,trw_130,derived,original_1961,approx
trw_130,trw_330,successor,original_1961,approx
trw_330,trw_530,successor,original_1961,approx
trw_330,trw_400,derived,original_1961,approx
ccc_real_time,ccc_ddp_19,successor,original_1961,approx
cdc_160,asi_420,derived,original_1961,approx
ibm_7090,ibm_7094,successor,extension,read
ibm_7094,ibm_system_360,successor,extension,read
ibm_1401,ibm_system_360,successor,extension,read
ibm_7080,ibm_system_360,successor,extension,read
ibm_7074,ibm_system_360,successor,extension,read
ibm_system_360,ibm_360_91,derived,extension,read
stretch,ibm_360_91,derived,extension,read
ibm_1401,ibm_system_3,successor,extension,read
ibm_system_360,ibm_system_370,successor,extension,read
ibm_system_370,ibm_3033,successor,extension,read
ibm_system_370,ibm_4341,successor,extension,read
ibm_system_3,ibm_system_38,successor,extension,read
ibm_system_360,ibm_5100,derived,extension,read
ibm_system_370,ibm_801,influence,extension,read
ibm_3033,ibm_3081,successor,extension,read
ibm_3081,ibm_3090,successor,extension,read
ibm_3090,ibm_es_9000,successor,extension,read
ibm_system_38,ibm_as_400,successor,extension,read
ibm_801,ibm_rt_pc,successor,extension,read
ibm_rt_pc,ibm_rs_6000,successor,extension,read
ibm_5100,ibm_pc,successor,extension,read
intel_8086,ibm_pc,successor,extension,read
ibm_pc,ibm_pc_at,successor,extension,read
intel_80286,ibm_pc_at,successor,extension,read
ibm_pc_at,ibm_ps_2,successor,extension,read
ibm_pc,compaq_portable,compatible,extension,read
compaq_portable,compaq_deskpro_386,successor,extension,read
intel_80386,compaq_deskpro_386,successor,extension,read
ibm_system_370,amdahl_470v_6,compatible,extension,read
amdahl_470v_6,fujitsu_facom_m_190,derived,extension,read
cdc_1604,cdc_3600,successor,extension,read
cdc_6600,cdc_7600,successor,extension,read
cdc_6600,cdc_cyber_70,successor,extension,read
cdc_cyber_70,cdc_cyber_170,successor,extension,read
cdc_7600,cdc_star_100,derived,extension,read
cdc_7600,cray_1,derived,extension,read
cdc_star_100,cdc_cyber_205,successor,extension,read
cray_1,cray_x_mp,successor,extension,read
cdc_cyber_170,cdc_cyber_180,successor,extension,read
cray_1,cray_2,successor,extension,read
cdc_cyber_205,eta10,successor,extension,read
cray_x_mp,cray_y_mp,successor,extension,read
univac_1107,univac_1108,successor,extension,read
univac_490,univac_494,successor,extension,read
univac_1206,univac_1218,successor,extension,read
univac_1108,univac_1110,successor,extension,read
univac_1110,univac_1100_80,successor,extension,read
univac_1206,an_uyk_7,successor,extension,read
univac_1218,an_uyk_20,successor,extension,read
rca_series,univac_series_90,successor,extension,read
univac_1100_80,sperry_1100_90,successor,extension,read
an_uyk_7,an_uyk_43,successor,extension,read
an_uyk_20,an_uyk_44,successor,extension,read
sperry_1100_90,unisys_2200,successor,extension,read
rca_601,rca_spectra_70,compatible,extension,read
ibm_system_360,rca_spectra_70,compatible,extension,read
rca_spectra_70,rca_series,successor,extension,read
bur_220,burroughs_b5000,successor,extension,read
burroughs_b5000,burroughs_b5500,successor,extension,read
b_280,burroughs_b3500,successor,extension,approx
burroughs_b5500,burroughs_b6500,successor,extension,read
burroughs_b6500,burroughs_b6700,successor,extension,read
burroughs_b6700,burroughs_b7700,successor,extension,read
burroughs_b7700,burroughs_a_series,successor,extension,read
burroughs_b3500,burroughs_v_series,successor,extension,approx
honeywell_800,honeywell_200,compatible,extension,read
ibm_1401,honeywell_200,compatible,extension,read
ge_225,ge_235,successor,extension,read
ge_225,ge_635,successor,extension,approx
ge_635,ge_645,derived,extension,read
ge_635,honeywell_6000,successor,extension,read
ge_645,honeywell_6180,successor,extension,read
honeywell_6000,honeywell_level_66,successor,extension,read
honeywell_level_66,honeywell_dps_8,successor,extension,read
honeywell_dps_8,honeywell_dps_88,successor,extension,approx
ccc_ddp_19,ccc_ddp_116,successor,extension,read
ccc_ddp_116,honeywell_ddp_516,successor,extension,read
honeywell_ddp_516,honeywell_316,successor,extension,read
honeywell_316,prime_200,derived,extension,read
prime_200,prime_750,successor,extension,read
national_315,ncr_century_100,successor,extension,read
ncr_century_100,ncr_criterion,successor,extension,read
philco_2000,philco_212,successor,extension,read
packbell_250,sds_910,derived,extension,read
sds_910,sds_920,successor,extension,read
sds_920,sds_930,successor,extension,read
sds_930,sds_940,derived,extension,read
sds_930,sds_sigma_7,successor,extension,read
sds_sigma_7,xds_sigma_9,successor,extension,read
sds_940,bcc_500,derived,extension,read
bcc_500,xerox_alto,influence,extension,read
xerox_alto,xerox_star,successor,extension,read
xerox_alto,apple_lisa,influence,extension,read
motorola_68000,apple_lisa,influence,extension,read
apple_lisa,apple_macintosh,successor,extension,read
motorola_68000,apple_macintosh,successor,extension,read
apple_macintosh,macintosh_ii,successor,extension,read
apple_macintosh,next_computer,influence,extension,read
xerox_alto,sun_1,influence,extension,read
motorola_68000,sun_1,influence,extension,read
sun_1,sun_3,successor,extension,read
sun_3,sparcstation_1,successor,extension,read
berkeley_risc_i,sparcstation_1,successor,extension,read
lincoln_tx_0,dec_pdp_1,derived,extension,read
dec_pdp_1,dec_pdp_4,successor,extension,read
lincoln_tx_2,linc,derived,extension,read
dec_pdp_4,dec_pdp_5,derived,extension,read
dec_pdp_1,dec_pdp_6,derived,extension,read
dec_pdp_4,dec_pdp_7,successor,extension,read
dec_pdp_5,dec_pdp_8,successor,extension,read
dec_pdp_7,dec_pdp_9,successor,extension,read
dec_pdp_6,dec_pdp_10,successor,extension,read
linc,dec_pdp_12,successor,extension,read
dec_pdp_8,dec_pdp_12,successor,extension,read
dec_pdp_8,data_general_nova,influence,extension,read
dec_pdp_8,dec_pdp_11,successor,extension,approx
dec_pdp_9,dec_pdp_15,successor,extension,read
dec_pdp_8,dec_pdp_8_e,successor,extension,read
dec_pdp_10,xerox_maxc,compatible,extension,read
data_general_nova,data_general_eclipse,successor,extension,read
dec_pdp_11,dec_lsi_11,successor,extension,read
dec_pdp_10,decsystem_20,successor,extension,read
dec_pdp_11,dec_vax_11_780,successor,extension,read
data_general_eclipse,data_general_eclipse_mv_8000,successor,extension,read
dec_vax_11_780,dec_vax_8600,successor,extension,read
dec_vax_11_780,dec_microvax_ii,successor,extension,read
dec_vax_8600,dec_vax_9000,successor,extension,read
data_general_eclipse_mv_8000,data_general_aviion,successor,extension,approx
hp_2116a,hp_3000,successor,extension,approx
hp_3000,tandem_nonstop_i,influence,extension,read
hp_3000,hp_9000_series_800,successor,extension,read
datapoint_2200,intel_8008,derived,extension,read
intel_4004,intel_8008,derived,extension,read
intel_8008,intel_8080,successor,extension,read
intel_8008,motorola_6800,influence,extension,approx
intel_8080,mits_altair_8800,uses_cpu,extension,read
motorola_6800,mos_6502,derived,extension,read
intel_8080,zilog_z80,compatible,extension,read
mos_6502,apple_i,uses_cpu,extension,read
apple_i,apple_ii,successor,extension,read
mos_6502,commodore_pet,uses_cpu,extension,read
zilog_z80,trs_80_model_i,uses_cpu,extension,read
intel_8080,intel_8086,successor,extension,read
motorola_6800,motorola_68000,successor,extension,read
commodore_pet,commodore_64,successor,extension,read
intel_8086,intel_80286,successor,extension,read
intel_80286,intel_80386,successor,extension,read
intel_80386,intel_80486,successor,extension,read
illiac_i,illiac_ii,successor,extension,read
illiac_ii,illiac_iii,successor,extension,approx
illiac_ii,illiac_iv,influence,extension,read
illiac_iv,goodyear_mpp,influence,extension,read
goodyear_mpp,connection_machine_cm_1,influence,extension,approx
connection_machine_cm_1,connection_machine_cm_2,successor,extension,read
ibm_es_9000,ibm_s_390_parallel_enterprise_server,successor,extension,read
ibm_s_390_parallel_enterprise_server,ibm_s_390_g5,successor,extension,read
ibm_s_390_g5,ibm_eserver_z900,successor,extension,read
ibm_as_400,ibm_iseries,successor,extension,read
ibm_rs_6000,ibm_rs_6000_sp,successor,extension,read
ibm_rs_6000_sp,deep_blue,derived,extension,read
ibm_rs_6000_sp,asci_white,successor,extension,read
ibm_rs_6000,powerpc_601,derived,extension,read
motorola_68000,powerpc_601,derived,extension,read
ibm_ps_2,ibm_thinkpad_700c,successor,extension,read
compaq_deskpro_386,compaq_proliant,successor,extension,read
intel_80486,intel_pentium,successor,extension,read
intel_pentium,intel_pentium_pro,successor,extension,read
intel_pentium_pro,intel_pentium_ii,successor,extension,read
intel_pentium_ii,intel_pentium_iii,successor,extension,read
intel_pentium_ii,amd_athlon,compatible,extension,read
mos_6502,acorn_arm1,influence,extension,read
berkeley_risc_i,acorn_arm1,influence,extension,read
apple_macintosh,apple_newton,derived,extension,approx
acorn_arm1,apple_newton,derived,extension,approx
macintosh_ii,power_macintosh_6100,successor,extension,read
powerpc_601,power_macintosh_6100,successor,extension,read
power_macintosh_6100,imac_g3,successor,extension,read
next_computer,imac_g3,successor,extension,read
sparcstation_1,sparcstation_10,successor,extension,read
sparcstation_10,sun_ultra_1,successor,extension,read
sun_ultra_1,sun_enterprise_10000,derived,extension,read
cray_y_mp,cray_c90,successor,extension,read
cray_2,cray_3,successor,extension,read
cray_y_mp,cray_t3d,derived,extension,read
cray_c90,cray_t90,successor,extension,read
cray_t3d,cray_t3e,successor,extension,read
connection_machine_cm_2,connection_machine_cm_5,successor,extension,read
intel_pentium_pro,asci_red,uses_cpu,extension,read
intel_80486,beowulf_cluster,uses_cpu,extension,read
dec_vax_9000,dec_3000_axp,successor,extension,read
dec_3000_axp,dec_alphaserver,successor,extension,read
unisys_2200,unisys_clearpath_ix,successor,extension,read
burroughs_a_series,unisys_clearpath_nx,successor,extension,read
an_uyk_43,an_uyq_70,successor,extension,approx
tandem_nonstop_i,tandem_nonstop_himalaya,successor,extension,read
hp_9000_series_800,hp_superdome,successor,extension,read
honeywell_dps_88,bull_dps_9000,successor,extension,approx
ibm_eserver_z900,ibm_eserver_z990,successor,extension,read
ibm_eserver_z990,ibm_system_z9,successor,extension,read
ibm_system_z9,ibm_system_z10,successor,extension,read
ibm_system_z10,ibm_zenterprise_196,successor,extension,read
ibm_rs_6000_sp,ibm_pseries_690,successor,extension,read
ibm_pseries_690,ibm_power_systems,successor,extension,read
ibm_iseries,ibm_power_systems,successor,extension,read
asci_white,blue_gene_l,successor,extension,read
powerpc_601,cell_broadband_engine,derived,extension,read
cell_broadband_engine,sony_playstation_3,uses_cpu,extension,read
cell_broadband_engine,roadrunner,uses_cpu,extension,read
amd_opteron,roadrunner,uses_cpu,extension,read
power_macintosh_6100,power_mac_g5,successor,extension,read
ibm_pseries_690,power_mac_g5,successor,extension,read
power_mac_g5,macbook_pro,successor,extension,read
intel_core_2,macbook_pro,successor,extension,read
imac_g3,ipod,derived,extension,approx
acorn_arm1,ipod,derived,extension,approx
acorn_arm1,arm11,successor,extension,read
arm11,arm_cortex_a8,successor,extension,read
ipod,iphone,derived,extension,read
apple_newton,iphone,derived,extension,read
arm11,iphone,derived,extension,read
arm11,htc_dream,uses_cpu,extension,read
arm_cortex_a8,apple_a4,derived,extension,read
iphone,ipad,successor,extension,read
apple_a4,ipad,successor,extension,read
intel_pentium_iii,intel_pentium_m,successor,extension,read
intel_pentium_m,intel_core_2,successor,extension,read
intel_core_2,intel_core_i7,successor,extension,read
hp_9000_series_800,intel_itanium,derived,extension,read
intel_pentium_iii,intel_itanium,derived,extension,read
hp_superdome,hp_integrity_superdome,successor,extension,read
intel_itanium,hp_integrity_superdome,successor,extension,read
tandem_nonstop_himalaya,hp_nonstop_integrity,successor,extension,read
intel_itanium,hp_nonstop_integrity,successor,extension,read
compaq_proliant,hp_proliant,successor,extension,read
ibm_thinkpad_700c,lenovo_thinkpad,successor,extension,read
amd_athlon,amd_opteron,successor,extension,read
amd_opteron,amd_phenom,successor,extension,read
nvidia_geforce_256,nvidia_geforce_8800,successor,extension,read
nvidia_geforce_8800,nvidia_tesla_c1060,derived,extension,read
nvidia_tesla_c1060,nvidia_fermi,successor,extension,read
nvidia_fermi,tianhe_1a,uses_cpu,extension,read
intel_core_i7,tianhe_1a,uses_cpu,extension,read
beowulf_cluster,amazon_ec2,influence,extension,approx
amd_opteron,amazon_ec2,influence,extension,approx
cray_t90,cray_x1,successor,extension,read
cray_t3e,cray_xt3,successor,extension,read
amd_opteron,cray_xt3,successor,extension,read
cray_xt3,cray_xt5,successor,extension,read
cray_xt5,cray_xe6,successor,extension,read
sun_enterprise_10000,sun_fire_15k,successor,extension,read
sun_ultra_1,sun_fire_t1000,derived,extension,read
sun_fire_15k,sparc_enterprise_m9000,successor,extension,approx
fujitsu_facom_m_190,sparc_enterprise_m9000,successor,extension,approx
dec_alphaserver,alphaserver_gs320,successor,extension,read
unisys_clearpath_ix,unisys_clearpath_dorado,successor,extension,approx
unisys_clearpath_nx,unisys_clearpath_libra,successor,extension,approx
bull_dps_9000,bull_novascale,successor,extension,approx
intel_itanium,bull_novascale,successor,extension,approx
ibm_power_systems,ibm_watson,uses_cpu,extension,read
ibm_zenterprise_196,ibm_zec12,successor,extension,read
ibm_zec12,ibm_z13,successor,extension,read
ibm_z13,ibm_linuxone,derived,extension,read
ibm_z13,ibm_z14,successor,extension,read
ibm_z14,ibm_z15,successor,extension,read
blue_gene_l,blue_gene_q,successor,extension,read
blue_gene_q,sequoia,uses_cpu,extension,read
ibm_power_systems,ibm_power8,successor,extension,read
ibm_power8,ibm_power9,successor,extension,read
ibm_power9,summit,uses_cpu,extension,read
nvidia_v100,summit,uses_cpu,extension,read
blue_gene_q,summit,uses_cpu,extension,read
intel_core_i7,intel_sandy_bridge,successor,extension,read
intel_sandy_bridge,intel_haswell,successor,extension,read
intel_haswell,intel_skylake,successor,extension,read
intel_skylake,intel_ice_lake,successor,extension,read
intel_pentium,intel_xeon_phi,derived,extension,read
intel_sandy_bridge,intel_xeon_phi,derived,extension,read
intel_xeon_phi,tianhe_2,successor,extension,read
intel_sandy_bridge,tianhe_2,successor,extension,read
tianhe_1a,tianhe_2,successor,extension,read
amd_phenom,amd_bulldozer,successor,extension,read
amd_bulldozer,amd_zen,successor,extension,read
amd_zen,amd_epyc_rome,successor,extension,read
sony_playstation_3,sony_playstation_4,successor,extension,approx
amd_bulldozer,sony_playstation_4,successor,extension,approx
nvidia_fermi,nvidia_kepler,successor,extension,read
cray_xe6,cray_xk7,successor,extension,read
nvidia_kepler,cray_xk7,successor,extension,read
amd_bulldozer,cray_xk7,successor,extension,read
cray_xe6,cray_xc40,successor,extension,read
intel_haswell,cray_xc40,successor,extension,read
cray_xc40,hpe_cray_ex,successor,extension,read
amd_epyc_rome,hpe_cray_ex,successor,extension,read
nvidia_kepler,nvidia_tegra_x1,derived,extension,read
arm_cortex_a57,nvidia_tegra_x1,derived,extension,read
nvidia_tegra_x1,nintendo_switch,uses_cpu,extension,read
nvidia_kepler,nvidia_p100,successor,extension,read
nvidia_p100,nvidia_dgx_1,derived,extension,read
nvidia_p100,nvidia_v100,successor,extension,read
nvidia_v100,nvidia_a100,successor,extension,read
nvidia_dgx_1,nvidia_dgx_a100,successor,extension,read
nvidia_a100,nvidia_dgx_a100,successor,extension,read
amd_epyc_rome,nvidia_dgx_a100,successor,extension,read
google_tpu_v1,google_tpu_v2,successor,extension,read
google_tpu_v2,google_tpu_v3,successor,extension,read
google_tpu_v3,google_tpu_v4,successor,extension,read
arm_cortex_a8,arm_cortex_a15,successor,extension,read
arm_cortex_a15,arm_cortex_a57,successor,extension,read
apple_a4,apple_a7,compatible,extension,read
arm_cortex_a57,apple_a7,compatible,extension,read
iphone,iphone_5s,successor,extension,read
apple_a7,iphone_5s,successor,extension,read
iphone_5s,apple_watch,derived,extension,read
apple_a7,apple_a11_bionic,successor,extension,read
apple_a11_bionic,apple_a14,successor,extension,read
apple_a14,apple_m1,derived,extension,read
macbook_pro,macbook_air_m1,successor,extension,read
apple_m1,macbook_air_m1,successor,extension,read
htc_dream,google_pixel,successor,extension,approx
arm11,raspberry_pi,uses_cpu,extension,read
raspberry_pi,raspberry_pi_4,successor,extension,approx
arm_cortex_a57,raspberry_pi_4,successor,extension,approx
amazon_ec2,aws_graviton,derived,extension,approx
arm_cortex_a57,aws_graviton,derived,extension,approx
aws_graviton,aws_graviton2,successor,extension,read
sparc_enterprise_m9000,k_computer,derived,extension,read
k_computer,fujitsu_a64fx,successor,extension,read
arm_cortex_a57,fujitsu_a64fx,successor,extension,read
fujitsu_a64fx,fugaku,uses_cpu,extension,read
sun_fire_t1000,oracle_sparc_m7,successor,extension,read
sparc_enterprise_m9000,oracle_sparc_m7,successor,extension,read
oracle_sparc_m7,oracle_sparc_m8,successor,extension,read
hp_integrity_superdome,hpe_superdome_x,successor,extension,read
intel_haswell,hpe_superdome_x,successor,extension,read
hp_nonstop_integrity,hpe_nonstop_x,successor,extension,read
intel_haswell,hpe_nonstop_x,successor,extension,read
unisys_clearpath_dorado,unisys_clearpath_forward,successor,extension,approx
unisys_clearpath_libra,unisys_clearpath_forward,successor,extension,approx
intel_haswell,unisys_clearpath_forward,successor,extension,approx
bull_novascale,bull_sequana,successor,extension,approx
intel_skylake,bull_sequana,successor,extension,approx
ibm_801,berkeley_risc_i,influence,extension,read
berkeley_risc_i,sifive_hifive_unleashed,derived,extension,read
sony_playstation_4,sony_playstation_5,successor,extension,read
amd_epyc_rome,sony_playstation_5,successor,extension,read
ibm_z15,ibm_z16,successor,extension,read
ibm_z16,ibm_z17,successor,extension,read
ibm_linuxone,ibm_linuxone_emperor_4,successor,extension,read
ibm_z16,ibm_linuxone_emperor_4,successor,extension,read
ibm_power9,ibm_power10,successor,extension,read
intel_ice_lake,intel_alder_lake,successor,extension,read
arm_cortex_a15,intel_alder_lake,successor,extension,read
intel_alder_lake,intel_meteor_lake,successor,extension,read
intel_meteor_lake,intel_lunar_lake,successor,extension,read
intel_ice_lake,intel_sapphire_rapids,successor,extension,read
intel_xeon_phi,intel_ponte_vecchio,influence,extension,approx
hpe_cray_ex,aurora,uses_cpu,extension,read
intel_sapphire_rapids,aurora,uses_cpu,extension,read
intel_ponte_vecchio,aurora,uses_cpu,extension,read
amd_epyc_rome,amd_epyc_milan,successor,extension,read
amd_epyc_milan,amd_epyc_genoa,successor,extension,read
amd_epyc_genoa,amd_epyc_turin,successor,extension,read
ati_radeon,amd_instinct_mi250x,derived,extension,read
amd_epyc_milan,amd_instinct_mi250x,derived,extension,read
hpe_cray_ex,frontier,uses_cpu,extension,read
amd_epyc_milan,frontier,uses_cpu,extension,read
amd_instinct_mi250x,frontier,uses_cpu,extension,read
amd_instinct_mi250x,amd_instinct_mi300a,successor,extension,read
amd_epyc_genoa,amd_instinct_mi300a,successor,extension,read
hpe_cray_ex,el_capitan,uses_cpu,extension,read
amd_instinct_mi300a,el_capitan,uses_cpu,extension,read
amd_zen,valve_steam_deck,uses_cpu,extension,read
ati_radeon,valve_steam_deck,uses_cpu,extension,read
nvidia_a100,nvidia_h100,successor,extension,read
nvidia_dgx_a100,nvidia_dgx_h100,successor,extension,read
nvidia_h100,nvidia_dgx_h100,successor,extension,read
intel_sapphire_rapids,nvidia_dgx_h100,successor,extension,read
arm_cortex_a57,nvidia_grace,compatible,extension,approx
nvidia_h100,nvidia_gh200_grace_hopper,successor,extension,read
nvidia_grace,nvidia_gh200_grace_hopper,successor,extension,read
nvidia_h100,nvidia_b200,successor,extension,read
nvidia_b200,nvidia_gb200_nvl72,successor,extension,read
nvidia_grace,nvidia_gb200_nvl72,successor,extension,read
hpe_cray_ex,alps,uses_cpu,extension,read
nvidia_gh200_grace_hopper,alps,uses_cpu,extension,read
nvidia_gh200_grace_hopper,jupiter,uses_cpu,extension,read
bull_sequana,jupiter,uses_cpu,extension,read
nvidia_h100,xai_colossus,uses_cpu,extension,read
apple_m1,apple_m2,successor,extension,read
apple_m2,apple_vision_pro,uses_cpu,extension,read
apple_m2,apple_m3,successor,extension,read
apple_m3,apple_m4,successor,extension,read
arm_cortex_a57,qualcomm_snapdragon_x_elite,influence,extension,approx
apple_m1,qualcomm_snapdragon_x_elite,influence,extension,approx
aws_graviton2,aws_graviton3,successor,extension,read
aws_graviton3,aws_graviton4,successor,extension,read
aws_graviton2,aws_trainium,influence,extension,approx
aws_trainium,aws_trainium2,successor,extension,read
arm_cortex_a57,microsoft_cobalt_100,compatible,extension,approx
arm_cortex_a57,google_axion,compatible,extension,approx
google_tpu_v4,google_tpu_v5p,successor,extension,read
google_tpu_v5p,google_tpu_trillium,successor,extension,read
google_tpu_trillium,google_tpu_ironwood,successor,extension,read
sifive_hifive_unleashed,sifive_hifive_unmatched,successor,extension,read
raspberry_pi,raspberry_pi_pico,derived,extension,read
raspberry_pi_4,raspberry_pi_5,successor,extension,read
nintendo_switch,nintendo_switch_2,successor,extension,approx
nvidia_a100,nintendo_switch_2,successor,extension,approx
